CHROM,POS,ID,REF,ALT,QUAL,FILTER,INFO,Variant_Type
chr22,15166867,.,C,G,43.4147,PASS,"DP=2;VDB=0.98;SGB=-0.453602;FS=0;MQ0F=0;AC=2;AN=2;DP4=0,0,2,0;MQ=55",SNP
chr22,15239656,.,T,A,43.4147,PASS,"DP=2;VDB=0.14;SGB=-0.453602;FS=0;MQ0F=0;AC=2;AN=2;DP4=0,0,2,0;MQ=60",SNP
chr22,17583311,.,A,T,43.4147,PASS,"DP=2;VDB=0.64;SGB=-0.453602;FS=0;MQ0F=0;AC=2;AN=2;DP4=0,0,2,0;MQ=60",SNP
chr22,20260943,.,G,T,43.4147,PASS,"DP=2;VDB=0.14;SGB=-0.453602;FS=0;MQ0F=0;AC=2;AN=2;DP4=0,0,2,0;MQ=58",SNP
chr22,20832304,.,A,G,43.4147,PASS,"DP=2;VDB=0.06;SGB=-0.453602;FS=0;MQ0F=0;AC=2;AN=2;DP4=0,0,2,0;MQ=60",SNP
chr22,24052111,.,A,C,43.4147,PASS,"DP=2;VDB=0.68;SGB=-0.453602;FS=0;MQ0F=0;AC=2;AN=2;DP4=0,0,2,0;MQ=50",SNP
chr22,24335543,.,G,T,43.4147,PASS,"DP=2;VDB=0.26;SGB=-0.453602;FS=0;MQ0F=0;AC=2;AN=2;DP4=0,0,2,0;MQ=60",SNP
chr22,25112307,.,G,C,43.4147,PASS,"DP=2;VDB=0.32;SGB=-0.453602;FS=0;MQ0F=0;AC=2;AN=2;DP4=0,0,2,0;MQ=60",SNP
chr22,27939688,.,A,C,43.4147,PASS,"DP=2;VDB=0.52;SGB=-0.453602;FS=0;MQ0F=0;AC=2;AN=2;DP4=0,0,2,0;MQ=60",SNP
chr22,28301065,.,A,G,43.4147,PASS,"DP=2;VDB=0.94;SGB=-0.453602;FS=0;MQ0F=0;AC=2;AN=2;DP4=0,0,2,0;MQ=60",SNP
chr22,29468613,.,T,G,43.4147,PASS,"DP=2;VDB=0.42;SGB=-0.453602;FS=0;MQ0F=0;AC=2;AN=2;DP4=0,0,2,0;MQ=60",SNP
chr22,31896534,.,T,A,43.4147,PASS,"DP=2;VDB=0.6;SGB=-0.453602;FS=0;MQ0F=0;AC=2;AN=2;DP4=0,0,2,0;MQ=60",SNP
chr22,38411342,.,T,A,43.4147,PASS,"DP=2;VDB=0.72;SGB=-0.453602;FS=0;MQ0F=0;AC=2;AN=2;DP4=0,0,2,0;MQ=60",SNP
chr22,49055376,.,A,C,43.4147,PASS,"DP=2;VDB=0.96;SGB=-0.453602;FS=0;MQ0F=0;AC=2;AN=2;DP4=0,0,2,0;MQ=60",SNP
